ID,First Name,Last Name,Email,Full Name,Created At,Support Level,Phone Number,Mobile Number
717016,Joseph,Mercer,Fake_email_for_Joseph_Mercer@forquickbookssync.com,Joseph Mercer,2025-07-15T14:53:37-04:00,,,(586)9077667
716221,Cody,Bowling,wbc@comcast.net,Cody Bowling,2025-07-07T14:14:41-04:00,,,
717643,Donald,Gregaire,donaldgregaire2007@yahoo.com,Donald Gregaire,2025-07-22T15:52:14-04:00,,,925 628 4881
718142,Clyde,Walther,cwalther@verizon.net,Clyde Walther,2025-07-28T18:57:28-04:00,,,209 431 1841
718166,Maria,Salem,,Maria Salem,2025-07-28T18:57:28-04:00,,,6504647494
717628,Lory,Morar,D8855LJ@gmail.com,Lory Morar,2025-07-22T15:52:14-04:00,,,7073653060
718169,Christine,Barganur,cmbargan@gmail.com,Christine Barganur,2025-07-28T18:57:28-04:00,,,
716245,Lauren,Michalak,laurenmichalak9@gmail.com,Lauren Michalak,2025-07-07T14:14:41-04:00,,,5103882427
717028,Roslin,Stephens,renastephens@outlook.com,Roslin Stephens,2025-07-15T14:53:41-04:00,,,8104718884
717026,Allan,Collett,peropertea@yahoo.com,Allan Collett,2025-07-15T14:53:38-04:00,,,(408)5052595
716232,Julie,Prouty,browsbyjulie@gmail.com,Julie Prouty,2025-07-07T14:14:41-04:00,,,949 307 8835
718165,Ina,Lopez,inalopez16@yahoo.com,Ina Lopez,2025-07-28T18:57:28-04:00,,,
716227,Kara,Keeton,karakeeton@icloud.com,Kara Keeton,2025-07-07T14:14:41-04:00,,,510 372 7872
717649,Clevester,Hines,ninestre@gmail.com,Clevester Hines,2025-07-22T15:52:15-04:00,,,
716237,Vivian,Benjamin,paris1033@att.net,Vivian Benjamin,2025-07-07T14:14:41-04:00,,,5103637195
717024,Matt,Tyll,,Matt Tyll,2025-07-15T14:53:38-04:00,,,8107012124
717015,Jay,Thompson,Fake_email_for_Jay_Thompson@forquickbookssync.com,Jay Thompson,2025-07-15T14:53:37-04:00,,,(810)8452323
717039,Kevin,Garcia,,Kevin Garcia,2025-07-15T14:53:42-04:00,,,4156857240
716224,Lisa,Wiltrakis,lisawiltrakis@yahoo.com,Lisa Wiltrakis,2025-07-07T14:14:41-04:00,,,2483101812
716225,Kathy,Israel,jsintwpmi@yahoo.com,Kathy Israel,2025-07-07T14:14:41-04:00,,,
718154,Phillip,Spalletta,spalletta@asotounf.net,Phillip Spalletta,2025-07-28T18:57:28-04:00,,,650 771 0499
717022,Kim,Pickhover,kmterry@gmail.com,Kim Pickhover,2025-07-15T14:53:38-04:00,,,
717019,Kelly,Plat,kellyjplat6101@yahoo.com,Kelly Plat,2025-07-15T14:53:37-04:00,,,2094086012
717625,Tonia,Schumacher,tonia.schumacher@icloud.com,Tonia Schumacher,2025-07-22T15:52:14-04:00,,,8312758769
718167,Chloe,Gallegos,chloegallegos1988@gmail.com,Chloe Gallegos,2025-07-28T18:57:28-04:00,,,2096300851
717017,Greg,Phillips,getgregp@gmail.com,Greg Phillips,2025-07-15T14:53:37-04:00,,,(734)7512709
716231,Karin,Meiswinkel,karinemhills@comcast.net,Karin Meiswinkel,2025-07-07T14:14:41-04:00,,,831 246 1797
717038,Steve,Mletnek,,Steve Mletnek,2025-07-15T14:53:42-04:00,,,(313)9201483
717010,Mark,Forest,crescent488@gmail.com,Mark Forest,2025-07-15T14:53:37-04:00,,,8104108795
718173,Jon,Haskins,jrhaskins@gmail.com,Jon Haskins,2025-07-28T18:57:28-04:00,,,
716210,Tiffany,Yokley,tcyokley@msn.com,Tiffany Yokley,2025-07-07T14:14:40-04:00,,,3139718808
716229,Rod,Meloche,cindyandrod@sbcglobal.net,Rod Meloche,2025-07-07T14:14:41-04:00,,,
718155,Anna,Gorno,mam.bear.040320@gmail.com,Anna Gorno,2025-07-28T18:57:28-04:00,,,3136338599
717023,John,Blanc,jllfenton@gmail.com,John Blanc,2025-07-15T14:53:38-04:00,,,
717011,Melanie,Schupbach,melaniefawn1120@icloud.com,Melanie Schupbach,2025-07-15T14:53:37-04:00,,,(517)4041228
717632,Deanna,Hayden,deannadhk@icloud.com,Deanna Hayden,2025-07-22T15:52:14-04:00,,,9169038814
716216,Linda,Jordan,alohapetsitting@me.com,Linda Jordan,2025-07-07T14:14:41-04:00,,,9163903647
718182,Tadas,Jonyla,tadas@loveballroom.com,Tadas Jonyla,2025-07-28T18:57:29-04:00,,,
716242,Lori,Johnson,lori@johnsonhomefinder.com,Lori Johnson,2025-07-07T14:14:41-04:00,,,9253257880
716230,Craig,West,hmbmuscle@gmail.com,Craig West,2025-07-07T14:14:41-04:00,,,650 759 6612
717025,Lynette,Hitchcock,lyhitchcock@charter.net,Lynette Hitchcock,2025-07-15T14:53:38-04:00,,,8102234550
7483,Emily,Smith,emilys7384@yahoo.com,Emily Smith,2012-07-25T00:00:00-04:00,,8108538646,8108538646
717637,Kelsey,Taraskavage,kelseytaraskavage@att.net,Kelsey Taraskavage,2025-07-22T15:52:14-04:00,,,5178610898
717641,Roger,Friskey,friskeycafe8@sbcglobal.net,Roger Friskey,2025-07-22T15:52:14-04:00,,,8106233522
717642,Robert,Shanburn,rashanburn@yahoo.com,Robert Shanburn,2025-07-22T15:52:14-04:00,,,8103603135
666729,Joseph,Solano,Fake_email_for_Joseph_Solano@forquickbookssync.com,Joseph Solano,2022-08-02T13:01:47-04:00,,3133885027,3133885027
716217,Marie,Kalis,indigosun21@yahoo.com,Marie Kalis,2025-07-07T14:14:41-04:00,,,7347307900
718185,Robert,White,ema99_2000@yahoo.com,Robert White,2025-07-28T18:57:29-04:00,,,540 305 7169
717029,Joanne,Thompson,joannet7154@gmail.com,Joanne Thompson,2025-07-15T14:53:41-04:00,,,(810)2529556
717631,Jill,Denes,fitnesschik79@yahoo.com,Jill Denes,2025-07-22T15:52:14-04:00,,,7073726987
718140,Joseph,"Cilia, Jr",ponchusmc@gmail.com,"Joseph Cilia, Jr",2025-07-28T18:57:28-04:00,,,(313)8062282
718163,Brian,Bilbao,bbilbao@yahoo.com,Brian Bilbao,2025-07-28T18:57:28-04:00,,,
718164,Maria,Verdugo-Simpson,verdugo209mariac@gmail.com,Maria Verdugo-Simpson,2025-07-28T18:57:28-04:00,,,2095974327
717007,Sarah,Colburn,,Sarah Colburn,2025-07-15T14:53:37-04:00,,,2488070896
718148,Owen,Alford,oalfordf17@yahoo.com,Owen Alford,2025-07-28T18:57:28-04:00,,,
717042,Ines,Fitzgerald,ineribeiro@yahoo.com,Ines Fitzgerald,2025-07-15T14:53:42-04:00,,,8135508010
718175,Dave,Winegarden,dave.winegarden@gmail.com,Dave Winegarden,2025-07-28T18:57:28-04:00,,,
717027,Andy,Valadez,andy@andyvaladez.com,Andy Valadez,2025-07-15T14:53:39-04:00,,,7135603348
718146,Mark,Hetrick,bayarealiqtrans@Aol.com,Mark Hetrick,2025-07-28T18:57:28-04:00,,,510 499 9496
718178,Greg,Pignolet,letnopig@gmail.com,Greg Pignolet,2025-07-28T18:57:29-04:00,,,
718159,Evelyn,Bowser,evelynjbowser@gmail.com,Evelyn Bowser,2025-07-28T18:57:28-04:00,,,
716228,Kim,Cummings,kbcummings@proton.me,Kim Cummings,2025-07-07T14:14:41-04:00,,,2487674809
718147,MaLene,Laty,malenekai85@hotmail.com,MaLene Laty,2025-07-28T18:57:28-04:00,,,
716236,Kathryn,Roebuck,kroebuck3@gmail.com,Kathryn Roebuck,2025-07-07T14:14:41-04:00,,,9258953136
718144,John,Meyers,meyersjohn1@gmail.com,John Meyers,2025-07-28T18:57:28-04:00,,,
718156,Sheila,Richardson,trestler@yahoo.com,Sheila Richardson,2025-07-28T18:57:28-04:00,,,
717040,Marc,Levy,marcolevy777@gmail.com,Marc Levy,2025-07-15T14:53:42-04:00,,,
718184,Laura,Porter,lauraporter06@comcast.net,Laura Porter,2025-07-28T18:57:29-04:00,,,2099141444
669218,Adam,Paige,mr.paige69@gmail.com,Adam Paige,2022-10-16T18:07:29-04:00,,,(720) 595-4821
716214,Valarres,Bristol,lord4bristol@gmail.com,Valarres Bristol,2025-07-07T14:14:41-04:00,,,7345783266
439210,Ken,Pospisil,kennethpospisil@hotmail.com,Ken Pospisil,2012-08-27T08:00:00-04:00,,3036673917,7207662272
718139,Franklin,Schaudt,frankschaudt1@gmail.com,Franklin Schaudt,2025-07-28T18:57:27-04:00,,,(734)4064807
718188,Doug,Mutimer,dougmutimer@aol.com,Doug Mutimer,2025-07-28T18:57:29-04:00,,,2099145206
717020,Victorino,Lopez,VictamonJr1982@gmail.com,Victorino Lopez,2025-07-15T14:53:37-04:00,,,9254359006
716239,Tony,Beatty,,Tony Beatty,2025-07-07T14:14:41-04:00,,,
718153,Debbie,Corallo,debbiecorallo@yahoo.com,Debbie Corallo,2025-07-28T18:57:28-04:00,,,
716238,Franklin,Acosta,apsav1990@yahoo.com,Franklin Acosta,2025-07-07T14:14:41-04:00,,,6506605567
716247,Daphne,Grosh,daphnergrosh@aol.com,Daphne Grosh,2025-07-07T14:14:41-04:00,,,5712187756
303125,Izabella,Dzierzanowski,izabelladz@yahoo.com,Izabella Dzierzanowski,2018-10-30T15:09:04-04:00,,,734 846-9776
717640,Frances,Webster,franelliot@gmail.com,Frances Webster,2025-07-22T15:52:14-04:00,,,
718172,Scott,Rader,sskrader@aol.com,Scott Rader,2025-07-28T18:57:28-04:00,,,209 483 0025
717658,Austin,Harden,austinarden09@gmail.com,Austin Harden,2025-07-22T15:52:15-04:00,,,
717660,Kim,Nation,Fake_email_for_Kim_Nation@forquickbookssync.com,Kim Nation,2025-07-22T15:55:37-04:00,,,8105777606
717012,Jeff,Arrowood,jeffarrowood@comcast.net,Jeff Arrowood,2025-07-15T14:53:37-04:00,,,
718157,Emily,Wegman,,Emily Wegman,2025-07-28T18:57:28-04:00,,,
717638,Jim,Cahoon,jucahoon1@gmail.com,Jim Cahoon,2025-07-22T15:52:14-04:00,,,7073153475
717648,Claire,Abella,,Claire Abella,2025-07-22T15:52:15-04:00,,,925 628 6953
716241,Mark,Daniels,,Mark Daniels,2025-07-07T14:14:41-04:00,,,9258124780
718141,John,Bortner,jbortnerpsu@gmail.com,John Bortner,2025-07-28T18:57:28-04:00,,,(904)4087391
718179,Dawn,O'Brien,dawnmarie56@aol.com,Dawn O'Brien,2025-07-28T18:57:29-04:00,,,2098329100
687407,Amy,Kline,drakline@sbcglobal.net,Amy Kline,2024-07-29T16:58:49-04:00,,,5309082917
717656,Ilana,Scheiner,ilana.m.reiss@gmail.com,Ilana Scheiner,2025-07-22T15:52:15-04:00,,,4805166332
716220,Ben,Sumeracki,bsumeracki@gmail.com,Ben Sumeracki,2025-07-07T14:14:41-04:00,,,7345505989
716211,Sheryl,Picard,sherylpicard@comcast.net,Sheryl Picard,2025-07-07T14:14:40-04:00,,,7342770588
716235,Fred,Gaidsick,fgaidsick@gmail.com,Fred Gaidsick,2025-07-07T14:14:41-04:00,,,
717650,Genene,Capito,genenecapito@gmail.com,Genene Capito,2025-07-22T15:52:15-04:00,,,8319152551
716215,Steve,Ray,,Steve Ray,2025-07-07T14:14:41-04:00,,,
717634,Lindsay,Keyworth,vacateach@hotmail.com,Lindsay Keyworth,2025-07-22T15:52:14-04:00,,,7075922109
717627,William,Dudding,mountainlion2014@yahoo.com,William Dudding,2025-07-22T15:52:14-04:00,,,408 318 4494
716218,Lois,Jancie,Fake_email_for_Lois_Jancie@forquickbookssync.com,Lois Jancie,2025-07-07T14:14:41-04:00,,,7347183863
716226,Jessica,Fields,annejes99@yahoo.com,Jessica Fields,2025-07-07T14:14:41-04:00,,,7347163330
678532,Nadina,Aversa,nadinaaversa@gmail.com,Nadina Aversa,2023-09-30T02:08:58-04:00,,,8109192356
718160,Gil,Paet,Gilpaet@yahoo.com,Gil Paet,2025-07-28T18:57:28-04:00,,,5108759345
718186,Joanne,Liu,joanne330@icloud.com,Joanne Liu,2025-07-28T18:57:29-04:00,,,
669479,Richard,Duquette,richardduquette@sbcglobal.net,Richard Duquette,2022-10-31T19:57:53-04:00,,,4082064975
718161,Jasz,,,Jasz,2025-07-28T18:57:28-04:00,,,5595458003
717008,Robyn,Darling,robyn.darling@hotmail.com,Robyn Darling,2025-07-15T14:53:37-04:00,,,
718150,Wanda,Thompson,wandajeanthompson@icloud.com,Wanda Thompson,2025-07-28T18:57:28-04:00,,,2094792959
717033,Will,Battaglia,willybatt043@gmail.com,Will Battaglia,2025-07-15T14:53:42-04:00,,6698883301,
716233,Nick,Katrivesis,nkatriv724@gmail.com,Nick Katrivesis,2025-07-07T14:14:41-04:00,,,2483208482
717652,Patricia,Perrine,tperrine85@gmail.com,Patricia Perrine,2025-07-22T15:52:15-04:00,,,
717622,Todd,Gomes,toddgomes@yahoo.com,Todd Gomes,2025-07-22T15:52:14-04:00,,,4086219502
717645,Katina,Hines,katinahines@comcast.net,Katina Hines,2025-07-22T15:52:15-04:00,,,
717655,Ruth,Adiell,radirle7@gmail.com,Ruth Adiell,2025-07-22T15:52:15-04:00,,,510 627 6123
718149,A,Richardson,carpediem81718@gmail.com,A Richardson,2025-07-28T18:57:28-04:00,,,772 501 2188
717005,Harry,Mitchell,Fake_email_for_Harry_Mitchell@forquickbookssync.com,Harry Mitchell,2025-07-15T14:53:37-04:00,,,8107501128
717031,James,Potter,jpotter0367@charter.net,James Potter,2025-07-15T14:53:41-04:00,,,(820)2400861
717034,Robbie,Plat,platrobbie30@gmail.com,Robbie Plat,2025-07-15T14:53:42-04:00,,,
718143,Regina,Stanley,protree5669@gmail.com,Regina Stanley,2025-07-28T18:57:28-04:00,,,209 215 8074
716208,Mary,Schrag,maryschrag95@gmail.com,Mary Schrag,2025-07-07T14:14:40-04:00,,,
716212,Colleen,Donakowski,Fake_email_for_Colleen_Donakowski@forquickbookssync.com,Colleen Donakowski,2025-07-07T14:14:40-04:00,,,7344547646
716240,Natalia,Bautis,march4491@gmail.com,Natalia Bautis,2025-07-07T14:14:41-04:00,,,4087376652
717018,Teresa,Anguiano,myfaith247tuj@gmail.com,Teresa Anguiano,2025-07-15T14:53:37-04:00,,,
717635,Jacob,Welty,Fake_email_for_Jacob_Welty@forquickbookssync.com,Jacob Welty,2025-07-22T15:52:14-04:00,,,
716219,Rob,Stevens,robdstevens@comcast.net,Rob Stevens,2025-07-07T14:14:41-04:00,,,7703309199
717639,Ken,Collins,,Ken Collins,2025-07-22T15:52:14-04:00,,,2488723898
716222,Katheryn,Jackson,kathryngibson31@yahoo.com,Katheryn Jackson,2025-07-07T14:14:41-04:00,,,7346200439
718162,Rakesh,Sindhu,rakeshsindhu@gmail.com,Rakesh Sindhu,2025-07-28T18:57:28-04:00,,,5095104688
718171,James,Beck,gone2auto@yahoo.com,James Beck,2025-07-28T18:57:28-04:00,,,3135706621
718174,Arshdeer,Randhawa,arshdeebsr39@gmail.com,Arshdeer Randhawa,2025-07-28T18:57:28-04:00,,,881 487 4982
716213,Greg,Demarest,iamdemarest@yahoo.com,Greg Demarest,2025-07-07T14:14:40-04:00,,,7346175906
717036,Robert,Dewart,dewart650@yahoo.com,Robert Dewart,2025-07-15T14:53:42-04:00,,,6508345044
717014,Carrie,Collins,118crc@gmail.com,Carrie Collins,2025-07-15T14:53:37-04:00,,,(810)2521822
717624,Elizabeth,Panholzer,spanholzer@gmail.com,Elizabeth Panholzer,2025-07-22T15:52:14-04:00,,,8312985289
717646,Amy,Gonzalez,ms.bon.amy@gmail.com,Amy Gonzalez,2025-07-22T15:52:15-04:00,,,
717659,Trisha,Davis,trishbird13@yahoo.com,Trisha Davis,2025-07-22T15:52:15-04:00,,,
718170,Brandy,Ivey,biveyhr@gmail.com,Brandy Ivey,2025-07-28T18:57:28-04:00,,,209 430 0640
718176,Heather,March,heathermarch22@gmail.com,Heather March,2025-07-28T18:57:29-04:00,,,415 990 0239
717630,George,Leslie,glsw@comcast.net,George Leslie,2025-07-22T15:52:14-04:00,,,7073656005
717636,Adriana,Granadoz,feathercourt@gmail.com,Adriana Granadoz,2025-07-22T15:52:14-04:00,,,7072081806
716223,Linda,Bracker,j3cub98@att.net,Linda Bracker,2025-07-07T14:14:41-04:00,,,7343949670
717626,Robert,Martinez,xbert1965@gmail.com,Robert Martinez,2025-07-22T15:52:14-04:00,,,4084726254
718168,James,Walls,jaw32000@yahoo.com,James Walls,2025-07-28T18:57:28-04:00,,,
718183,Claudia,Lewetzon,clewetzon@aol.com,Claudia Lewetzon,2025-07-28T18:57:29-04:00,,,650 868 3674
717030,Terry,Goff,goffhome@yahoo.com,Terry Goff,2025-07-15T14:53:41-04:00,,,(248)8849138
718187,Aileen,Rillorta,Fake_email_for_Aileen_Rillorta@forquickbookssync.com,Aileen Rillorta,2025-07-28T18:57:29-04:00,,,
717013,Julie,Gilbert,julieburkett@hotmail.com,Julie Gilbert,2025-07-15T14:53:37-04:00,,,(734)6743478
717647,Juanita,Ambriz,,Juanita Ambriz,2025-07-22T15:52:15-04:00,,,
717651,Cristine,Heil,Fake_email_for_Cristine_Heil@forquickbookssync.com,Cristine Heil,2025-07-22T15:52:15-04:00,,,8105169585
716234,Joe,O'Callaghan,eoj433@gmail.com,Joe O'Callaghan,2025-07-07T14:14:41-04:00,,,
718145,Kim,Gann,kmbrga@comcast.net,Kim Gann,2025-07-28T18:57:28-04:00,,,
718180,Lisa,Cracraft,cracraft_5@yahoo.com,Lisa Cracraft,2025-07-28T18:57:29-04:00,,,2098153465
716244,Chris,Smith,smith3625@gmail.com,Chris Smith,2025-07-07T14:14:41-04:00,,,8135624729
718151,Jeanette,Studer,chrisjeanettestuder@gmail.com,Jeanette Studer,2025-07-28T18:57:28-04:00,,,2095392287
421207,Gregory,Di Loreto,gdl@bravobuildingco.com,Gregory Di Loreto,2017-07-03T08:00:00-04:00,,19257664643,19257664643
716209,Sanie,Helman,saniehelman@gmail.com,Sanie Helman,2025-07-07T14:14:40-04:00,,,7346211421
717006,Joe,Asher,Fake_email_for_Joe_Asher@forquickbookssync.com,Joe Asher,2025-07-15T14:53:37-04:00,,,
667937,Christian,Elebiary,celebiary@gmail.com,Christian Elebiary,2022-09-12T04:28:27-04:00,,4152182893,4153664
717041,Robert,Graves,graveswelderservice@hotmail.com,Robert Graves,2025-07-15T14:53:42-04:00,,,4087061414
717037,Mark,Reuter,mdrinc@garlic.com,Mark Reuter,2025-07-15T14:53:42-04:00,,,
718138,Marvin,Rudd,pastorrudd@wowway.com,Marvin Rudd,2025-07-28T18:57:27-04:00,,,8105869600
718152,Daniel,Sparks,sparksdan977@gmail.com,Daniel Sparks,2025-07-28T18:57:28-04:00,,,
717623,Christopher,Griffith,clgriffithsongs@gmail.com,Christopher Griffith,2025-07-22T15:52:14-04:00,,,
718177,Shannon,Albrecht,buyushay@yahoo.com,Shannon Albrecht,2025-07-28T18:57:29-04:00,,,2096291537
689948,Leonard,Bielat,leonardbielat@yahoo.com,Leonard Bielat,2024-09-08T19:29:00-04:00,,,7347757097
716243,Nancy,Burr,nancyburr10@yahoo.com,Nancy Burr,2025-07-07T14:14:41-04:00,,,
717653,Heidi,Buffa,fivebuffas@aol.com,Heidi Buffa,2025-07-22T15:52:15-04:00,,,
717035,John,Jordan,jjordan8123@gmail.com,John Jordan,2025-07-15T14:53:42-04:00,,,(810)6206001
717009,Stephanie,Whaling,whaling1999@gmail.com,Stephanie Whaling,2025-07-15T14:53:37-04:00,,,
717654,Angelina,.,segundoangelina707@gmail.com,Angelina .,2025-07-22T15:52:15-04:00,,,7075149297
718158,Rusty,Kitt,Rusty.Kitt@yahoo.com,Rusty Kitt,2025-07-28T18:57:28-04:00,,,
93494,Lisa,Parker,softgloves@gmail.com,Lisa Parker,2014-12-10T14:00:31-05:00,,2796270512,2096404593
717032,Ali,.,yapank3004@inbox.ru,Ali .,2025-07-15T14:53:42-04:00,,,
718137,Christopher,Mellor,Fake_email_for_Christopher_Mellor@forquickbookssync.com,Christopher Mellor,2025-07-28T18:57:27-04:00,,,3105307778
718181,David,McDonald,Fake_email_for_David_McDonald@forquickbookssync.com,David McDonald,2025-07-28T18:57:29-04:00,,,
717021,Ivan,Modira,,Ivan Modira,2025-07-15T14:53:37-04:00,,,4153873564
717644,Cindy,Beay,cindybray1970@gmail.com,Cindy Beay,2025-07-22T15:52:14-04:00,,,
717657,Patti,Baird,pattiabaird@icloud.com,Patti Baird,2025-07-22T15:52:15-04:00,,,
717633,James,Jimminez,outlawone80@gmail.com,James Jimminez,2025-07-22T15:52:14-04:00,,,7074161492
716246,Susan,Zimmer,suezim57@gmail.com,Susan Zimmer,2025-07-07T14:14:41-04:00,,,7343299103
